"Name","Length"
"01_Pintu Masuk.jpg","550319"
"02_Halaman Depan.jpg","445472"
"03_Lobby Utama.jpg","969480"
"04_Area Resepsi.jpg","619611"
"05_Galeri Prasejarah.jpg","618774"
"06_Budaya Pedalaman Perkampungan 1.jpg","685067"
"07_Budaya Pedalaman Perkampungan 2.jpg","652680"
"08_Budaya Pedalaman Perkampungan 3.jpg","720103"
"09_Budaya Pedalaman Perkampungan 4.jpg","665409"
"10_Budaya Pedalaman Perkampungan 5.jpg","698591"
"11_Budaya Pedalaman Perkampungan 6.jpg","705150"
"12_Budaya Pedalaman Perkampungan 7.jpg","683054"
"13_Budaya Pedalaman Perkampungan 8.jpg","725271"
"14_Budaya Pedalaman Perkampungan 9.jpg","717659"
"IMG_20260407_112924_00_094.jpg","30030966"
"IMG_20260407_113239_00_096.jpg","28161951"
"IMG_20260407_113327_00_097.jpg","25461658"
"IMG_20260407_113407_00_098.jpg","24939427"
"IMG_20260407_113523_00_099.jpg","26867991"
"IMG_20260407_113648_00_101.jpg","26918936"
"IMG_20260407_113819_00_102.jpg","27863931"
"IMG_20260407_113935_00_103.jpg","27376477"
"IMG_20260407_114435_00_105.jpg","27404113"
"IMG_20260407_114507_00_106.jpg","26357338"
"IMG_20260407_114545_00_107.jpg","27825940"
"IMG_20260407_114742_00_108.jpg","27640191"
"IMG_20260407_114825_00_109.jpg","27733052"
"IMG_20260407_114906_00_110.jpg","27735261"
"IMG_20260407_114935_00_111.jpg","28790209"
"IMG_20260407_115025_00_112.jpg","27020823"
"IMG_20260407_115131_00_114.jpg","27811758"
"IMG_20260407_115303_00_115.jpg","28203629"
"IMG_20260407_115406_00_116.jpg","27543223"
"IMG_20260407_115445_00_117.jpg","27280106"
"IMG_20260407_115533_00_118.jpg","27777722"
"IMG_20260407_115756_00_119.jpg","27174495"
"IMG_20260407_120113_00_120.jpg","26704023"
"IMG_20260407_120201_00_121.jpg","26212059"
"IMG_20260407_120244_00_122.jpg","26557196"
"IMG_20260407_120318_00_123.jpg","27315470"
"IMG_20260407_120346_00_124.jpg","27104139"
"IMG_20260407_120418_00_125.jpg","26813553"
"IMG_20260407_120448_00_126.jpg","27608946"
"IMG_20260407_120536_00_127.jpg","26704039"
"IMG_20260407_120611_00_128.jpg","26732390"
"IMG_20260407_120646_00_129.jpg","26744209"
"IMG_20260407_120717_00_130.jpg","27136535"
"IMG_20260407_120905_00_132.jpg","25738060"
"IMG_20260407_121009_00_133.jpg","28692401"
"IMG_20260407_121048_00_134.jpg","25437356"
"IMG_20260407_121136_00_135.jpg","26139549"
"IMG_20260407_121229_00_136.jpg","26210072"
"IMG_20260407_121340_00_137.jpg","26734980"
"IMG_20260407_121641_00_140.jpg","26406470"
"IMG_20260407_121720_00_141.jpg","27082334"
"IMG_20260407_121828_00_142.jpg","26812783"
"IMG_20260407_121908_00_143.jpg","26356518"
"IMG_20260407_121937_00_144.jpg","26255404"
"IMG_20260407_122030_00_145.jpg","26440412"
"IMG_20260407_122117_00_146 copy copy.jpg","25928117"
"IMG_20260407_122117_00_146.jpg","25685391"
"IMG_20260407_122311_00_147.jpg","25042260"
"IMG_20260407_122408_00_148.jpg","25714119"
"IMG_20260407_122504_00_149.jpg","25630999"
"IMG_20260407_122543_00_150.jpg","25690051"
"IMG_20260407_122635_00_151.jpg","25582432"
"IMG_20260407_122720_00_152.jpg","25405581"
"IMG_20260407_122826_00_153.jpg","26278616"
"IMG_20260407_122907_00_154.jpg","25685391"
"IMG_20260407_122936_00_155.jpg","25775639"
"IMG_20260407_123019_00_156.jpg","25618533"
"IMG_20260407_123052_00_157.jpg","25377039"
"IMG_20260407_123119_00_158.jpg","25646777"
"IMG_20260407_123151_00_159.jpg","26869620"
"IMG_20260407_123237_00_160.jpg","26160560"
"IMG_20260407_123322_00_161.jpg","25578582"
"IMG_20260407_123401_00_162.jpg","26206840"
"IMG_20260407_123432_00_163.jpg","26045151"
"IMG_20260407_123524_00_164.jpg","26081893"
"IMG_20260407_123608_00_165.jpg","24777923"
"IMG_20260407_123652_00_166.jpg","25037395"
"IMG_20260407_123721_00_167.jpg","24209409"
"IMG_20260407_123800_00_168.jpg","24398477"
"IMG_20260407_123847_00_169.jpg","24459885"
"IMG_20260407_123917_00_170.jpg","24425242"
"IMG_20260407_124230_00_172.jpg","31971507"
"IMG_20260408_145952_00_033.jpg","29765728"
"IMG_20260408_150048_00_034_PureShot.jpg","29166453"
"IMG_20260408_150140_00_035_PureShot.jpg","30065593"
"IMG_20260408_150207_00_036_PureShot.jpg","30578054"
"IMG_20260408_150238_00_037_PureShot.jpg","30154232"
"IMG_20260408_150313_00_038_PureShot.jpg","29798454"
"IMG_20260408_150346_00_039_PureShot.jpg","29768762"
"IMG_20260408_150415_00_040_PureShot.jpg","29978848"
"IMG_20260408_150459_00_041_PureShot.jpg","29835578"
"IMG_20260408_150535_00_042_PureShot.jpg","29631342"
"IMG_20260408_150610_00_043_PureShot.jpg","29867192"
"IMG_20260408_150646_00_044_PureShot.jpg","29698678"
"IMG_20260408_150709_00_045_PureShot.jpg","29562321"
"IMG_20260408_150733_00_046_PureShot.jpg","29425106"
"IMG_20260408_150754_00_047_PureShot.jpg","29680922"
"IMG_20260408_150832_00_048_PureShot.jpg","28804979"
"IMG_20260408_150905_00_049_PureShot.jpg","29373863"
"IMG_20260408_150929_00_050_PureShot.jpg","29391821"
